nd99,t/sDlMcYP9XKwX+0GWHIJiEqGFBw5MHS9JIOUcHe418=,Manager,nathan,nd@hw.uk
hc,t/sDlMcYP9XKwX+0GWHIJiEqGFBw5MHS9JIOUcHe418=,Staff,Hector,hex@caffe.co.uk
ch1pp3r,t/sDlMcYP9XKwX+0GWHIJiEqGFBw5MHS9JIOUcHe418=,Staff,Chip,ch1pp3r@caffe.com
k9,t/sDlMcYP9XKwX+0GWHIJiEqGFBw5MHS9JIOUcHe418=,Staff,Kate,k9@caffe.co.uk
em52,t/sDlMcYP9XKwX+0GWHIJiEqGFBw5MHS9JIOUcHe418=,Staff,Emma Wood,em52@caffe.co.uk
kell,t/sDlMcYP9XKwX+0GWHIJiEqGFBw5MHS9JIOUcHe418=,Staff,kate,kae@caffe.co.uk
tigerT,t/sDlMcYP9XKwX+0GWHIJiEqGFBw5MHS9JIOUcHe418=,Staff,Tyler,tygah@caffe.co.uk
ch666,t/sDlMcYP9XKwX+0GWHIJiEqGFBw5MHS9JIOUcHe418=,Manager,Chelsea Smith,chelsea.smith@caffe.co.uk
john666,t/sDlMcYP9XKwX+0GWHIJiEqGFBw5MHS9JIOUcHe418=,Staff,John Smith,john.smith@caffe.co.uk
ry99,t/sDlMcYP9XKwX+0GWHIJiEqGFBw5MHS9JIOUcHe418=,Staff,Ray,rayray@caffe.co.uk
Grant,t/sDlMcYP9XKwX+0GWHIJiEqGFBw5MHS9JIOUcHe418=,Manager,Ken,kgrant@caffe.co.uk
KE99,7vO8dOKvJh9EIemDd3nNpp9pVwDHs2yBlkWIYv8Afog=,Staff,KYLE,kyle@caffe.co.uk
aat4,t/sDlMcYP9XKwX+0GWHIJiEqGFBw5MHS9JIOUcHe418=,Staff,Alaa,aat4@hw.ac.uk
nate,t/sDlMcYP9XKwX+0GWHIJiEqGFBw5MHS9JIOUcHe418=,Manager,nathan,nate@cafe.com
